id,conversation_id,created_at,date,time,timezone,user_id,username,name,place,tweet,language,mentions,urls,photos,replies_count,retweets_count,likes_count,hashtags,cashtags,link,retweet,quote_url,video,thumbnail,near,geo,source,user_rt_id,user_rt,retweet_id,reply_to,retweet_date,translate,trans_src,trans_dest
1288933920768249887,1288908492707729408,2020-07-30 16:26:08 EDT,2020-07-30,16:26:08,-0500,16799023,aliabunimah,Ali Abunimah,,@TimesofIsrael @EUinIsrael Strongly recommend Russia change its name to Russisrael and instantly gain immunity to any and all EU sanctions.,en,[],[],[],0,7,19,[],[],https://twitter.com/AliAbunimah/status/1288933920768249887,False,,0,,,,,,,,"[{'screen_name': 'TimesofIsrael', 'name': 'The Times of Israel', 'id': '432557320'}, {'screen_name': 'EUinIsrael', 'name': 'EU in Israel üá™üá∫üáÆüá±', 'id': '2302683607'}]",,,,
1258380416052060163,1258379235883974656,2020-05-07 08:57:25 EDT,2020-05-07,08:57:25,-0500,16799023,aliabunimah,Ali Abunimah,,"Why did @TimesofIsrael gratuitously include a photo of @BDSMovement cofounder Omar Barghouti in an article on ""terrorist"" groups? It's part of Israeli regime propaganda to push @EUinIsrael to accept that even peaceful resistance to apartheid = terrorism. Eventually EU will cave.",en,"[{'screen_name': 'timesofisrael', 'name': 'the times of israel', 'id': '432557320'}, {'screen_name': 'bdsmovement', 'name': 'bds movement', 'id': '46678624'}, {'screen_name': 'euinisrael', 'name': 'eu in israel üá™üá∫üáÆüá±', 'id': '2302683607'}]",[],[],0,18,19,[],[],https://twitter.com/AliAbunimah/status/1258380416052060163,False,,0,,,,,,,,[],,,,
1255600160006119424,1255600160006119424,2020-04-29 16:49:40 EDT,2020-04-29,16:49:40,-0500,16799023,aliabunimah,Ali Abunimah,,Paging ‚Å¶@maddow‚Å©  Redacted FBI document hints at Israeli efforts to help Trump in 2016 campaign | The Times of Israel  https://t.co/dVWKRsoBnK,en,"[{'screen_name': 'maddow', 'name': 'rachel maddow msnbc', 'id': '16129920'}]",['https://www.timesofisrael.com/redacted-fbi-document-hints-at-israeli-efforts-to-help-trump-in-2016-campaign/'],[],7,56,83,[],[],https://twitter.com/AliAbunimah/status/1255600160006119424,False,,0,,,,,,,,[],,,,
1221346754576166912,1221346754576166912,2020-01-26 03:18:52 EST,2020-01-26,03:18:52,-0500,16799023,aliabunimah,Ali Abunimah,,"In a post in the Times of Israel, @PeteButtigieg confirms that he rejects @BDSMovement, the peaceful campaign for freedom, equality and justice of the Palestinian people.  https://t.co/jqHGBlKdxK  https://t.co/smoOkt4qNd",en,"[{'screen_name': 'petebuttigieg', 'name': 'pete buttigieg', 'id': '226222147'}, {'screen_name': 'bdsmovement', 'name': 'bds movement', 'id': '46678624'}]",['https://blogs.timesofisrael.com/my-administration-will-devote-1-billion-to-combat-anti-semitism-and-other-violent-extremism/'],['https://pbs.twimg.com/media/EPMYZXzWoAAC-vW.png'],3,30,40,[],[],https://twitter.com/AliAbunimah/status/1221346754576166912,False,,1,https://pbs.twimg.com/media/EPMYZXzWoAAC-vW.png,,,,,,,[],,,,
1207119139975946240,1206971942693220354,2019-12-17 21:03:24 EST,2019-12-17,21:03:24,-0500,16799023,aliabunimah,Ali Abunimah,,@BelgiuminIsrael @KsChoiceMusic @TelAviv @BelgiumMFA @EUinIsrael @IsraelinBelgium @Flanders_DFA @TimesofIsrael @MayorOfTelAviv @RadioJudaicaBxl @RadioContact Shin Bet is electrocuting people again?,en,[],[],[],0,0,3,[],[],https://twitter.com/AliAbunimah/status/1207119139975946240,False,,0,,,,,,,,"[{'screen_name': 'BelgiuminIsrael', 'name': 'Belgium in Israel üáßüá™', 'id': '784027809756872704'}, {'screen_name': 'KsChoiceMusic', 'name': ""K's Choice"", 'id': '403463776'}, {'screen_name': 'TelAviv', 'name': 'Tel Aviv', 'id': '732413610'}, {'screen_name': 'BelgiumMFA', 'name': 'üáßüá™ Belgium MFA', 'id': '380824639'}, {'screen_name': 'EUinIsrael', 'name': 'EU in Israel üá™üá∫üáÆüá±', 'id': '2302683607'}, {'screen_name': 'IsraelinBelgium', 'name': 'Israel in Belgium | #PeaceInTheMiddleEast', 'id': '181280294'}, {'screen_name': 'Flanders_DFA', 'name': 'Flanders DFA', 'id': '719803866024423424'}, {'screen_name': 'TimesofIsrael', 'name': 'The Times of Israel', 'id': '432557320'}, {'screen_name': 'MayorOfTelAviv', 'name': 'Mayor of Tel Aviv', 'id': '731751755059449856'}, {'screen_name': 'RadioJudaicaBxl', 'name': 'Radio Juda√Øca Bxl', 'id': '736133028725063680'}, {'screen_name': 'RadioContact', 'name': 'Radio Contact', 'id': '207993415'}]",,,,
1206484794051350530,1205440993803288576,2019-12-16 03:02:44 EST,2019-12-16,03:02:44,-0500,16799023,aliabunimah,Ali Abunimah,,@BelgiuminIsrael @idanraichel @BelgiumMFA @EUinIsrael @IsraelinBelgium @IsraelMFA @IsraelinEU @BrusselsTimes @VilleBruxelles @RadioJudaicaBxl @TimesofIsrael Sponsored by ethnic cleansers JNF-KKL:  https://t.co/6mhjFycGkK,en,[],['https://www.haaretz.com/middle-east-news/palestinians/.premium-palestinian-family-allowed-to-stay-in-east-j-lm-home-sought-by-settlers-for-now-1.8265675'],[],0,2,3,[],[],https://twitter.com/AliAbunimah/status/1206484794051350530,False,,0,,,,,,,,"[{'screen_name': 'BelgiuminIsrael', 'name': 'Belgium in Israel üáßüá™', 'id': '784027809756872704'}, {'screen_name': 'idanraichel', 'name': 'Idan Raichel ◊¢◊ô◊ì◊ü ◊®◊ô◊ô◊õ◊ú', 'id': '72001141'}, {'screen_name': 'BelgiumMFA', 'name': 'üáßüá™ Belgium MFA', 'id': '380824639'}, {'screen_name': 'EUinIsrael', 'name': 'EU in Israel üá™üá∫üáÆüá±', 'id': '2302683607'}, {'screen_name': 'IsraelinBelgium', 'name': 'Israel in Belgium | #PeaceInTheMiddleEast', 'id': '181280294'}, {'screen_name': 'IsraelMFA', 'name': 'Israel Foreign Ministry', 'id': '85796380'}, {'screen_name': 'IsraelinEU', 'name': 'Israel in the EU', 'id': '181493890'}, {'screen_name': 'BrusselsTimes', 'name': 'The Brussels Times', 'id': '2807267941'}, {'screen_name': 'VilleBruxelles', 'name': 'Ville de Bruxelles - Restez prudents!', 'id': '42028753'}, {'screen_name': 'RadioJudaicaBxl', 'name': 'Radio Juda√Øca Bxl', 'id': '736133028725063680'}, {'screen_name': 'TimesofIsrael', 'name': 'The Times of Israel', 'id': '432557320'}]",,,,
1205970067382554624,1205946693264510978,2019-12-14 16:57:24 EST,2019-12-14,16:57:24,-0500,16799023,aliabunimah,Ali Abunimah,,@BelgiuminIsrael @BelgiumMFA @EUinIsrael @TimesofIsrael @CanEmbIsrael @WBI_tweet @RTLTVI @RadioJudaicaBxl @RadioContact #collabos,und,[],[],[],0,0,2,['collabos'],[],https://twitter.com/AliAbunimah/status/1205970067382554624,False,,0,,,,,,,,"[{'screen_name': 'BelgiuminIsrael', 'name': 'Belgium in Israel üáßüá™', 'id': '784027809756872704'}, {'screen_name': 'BelgiumMFA', 'name': 'üáßüá™ Belgium MFA', 'id': '380824639'}, {'screen_name': 'EUinIsrael', 'name': 'EU in Israel üá™üá∫üáÆüá±', 'id': '2302683607'}, {'screen_name': 'TimesofIsrael', 'name': 'The Times of Israel', 'id': '432557320'}, {'screen_name': 'CanEmbIsrael', 'name': 'Canada in Israel', 'id': '2285293130'}, {'screen_name': 'WBI_tweet', 'name': 'WBI', 'id': '434803241'}, {'screen_name': 'RTLTVI', 'name': 'RTL TVI', 'id': '243183436'}, {'screen_name': 'RadioJudaicaBxl', 'name': 'Radio Juda√Øca Bxl', 'id': '736133028725063680'}, {'screen_name': 'RadioContact', 'name': 'Radio Contact', 'id': '207993415'}]",,,,
1205509441786912768,1205440993803288576,2019-12-13 10:27:02 EST,2019-12-13,10:27:02,-0500,16799023,aliabunimah,Ali Abunimah,,@BelgiuminIsrael @idanraichel @BelgiumMFA @PhGoffin @EUinIsrael @IsraelinBelgium @IsraelMFA @IsraelinEU @BrusselsTimes @VilleBruxelles @RadioJudaicaBxl @TimesofIsrael This concert of government propagandist Idan Raichel is sponsored by KKL (JNF) an entity that steals and colonizes occupied Palestinian land in violation of international law. Why is Belgium supporting war crimes?  https://t.co/seDN6nhjjY,en,[],['https://electronicintifada.net/content/canada-investigates-jewish-national-fund-funding-israels-crimes/26426'],[],0,6,5,[],[],https://twitter.com/AliAbunimah/status/1205509441786912768,False,,0,,,,,,,,"[{'screen_name': 'BelgiuminIsrael', 'name': 'Belgium in Israel üáßüá™', 'id': '784027809756872704'}, {'screen_name': 'idanraichel', 'name': 'Idan Raichel ◊¢◊ô◊ì◊ü ◊®◊ô◊ô◊õ◊ú', 'id': '72001141'}, {'screen_name': 'BelgiumMFA', 'name': 'üáßüá™ Belgium MFA', 'id': '380824639'}, {'screen_name': 'PhGoffin', 'name': 'Philippe Goffin', 'id': '362914325'}, {'screen_name': 'EUinIsrael', 'name': 'EU in Israel üá™üá∫üáÆüá±', 'id': '2302683607'}, {'screen_name': 'IsraelinBelgium', 'name': 'Israel in Belgium | #PeaceInTheMiddleEast', 'id': '181280294'}, {'screen_name': 'IsraelMFA', 'name': 'Israel Foreign Ministry', 'id': '85796380'}, {'screen_name': 'IsraelinEU', 'name': 'Israel in the EU', 'id': '181493890'}, {'screen_name': 'BrusselsTimes', 'name': 'The Brussels Times', 'id': '2807267941'}, {'screen_name': 'VilleBruxelles', 'name': 'Ville de Bruxelles - Restez prudents!', 'id': '42028753'}, {'screen_name': 'RadioJudaicaBxl', 'name': 'Radio Juda√Øca Bxl', 'id': '736133028725063680'}, {'screen_name': 'TimesofIsrael', 'name': 'The Times of Israel', 'id': '432557320'}]",,,,
1132764646446903296,1132570583470870528,2019-05-26 17:45:12 EDT,2019-05-26,17:45:12,-0500,16799023,aliabunimah,Ali Abunimah,,@WoodwarddianneJ @EUinIsrael @ambfranceisrael @ItalyinIsrael @NLinIsrael @TimesofIsrael @BelgiuminIsrael @EmbEspIsrael @GillesBP @IsraelinEU @ukinisrael @SwedeninIL A big factor is the highly flammable European pine forests they planted over the ruins of Palestinian villages they ethnically cleansed. The Zionist settlers wanted to turn Palestine into Northern Europe.,en,[],[],[],1,0,6,[],[],https://twitter.com/AliAbunimah/status/1132764646446903296,False,,0,,,,,,,,"[{'screen_name': 'WoodwarddianneJ', 'name': 'Dianne Woodward', 'id': '893137046197424129'}, {'screen_name': 'EUinIsrael', 'name': 'EU in Israel üá™üá∫üáÆüá±', 'id': '2302683607'}, {'screen_name': 'ambfranceisrael', 'name': 'La France en Isra√´l', 'id': '2237308658'}, {'screen_name': 'ItalyinIsrael', 'name': 'Italy in Israel', 'id': '3030052815'}, {'screen_name': 'NLinIsrael', 'name': 'Dutch Embassy Israel', 'id': '2457815906'}, {'screen_name': 'TimesofIsrael', 'name': 'The Times of Israel', 'id': '432557320'}, {'screen_name': 'BelgiuminIsrael', 'name': 'Belgium in Israel üáßüá™', 'id': '784027809756872704'}, {'screen_name': 'EmbEspIsrael', 'name': 'Embajada de Espa√±a en Israel', 'id': '2215248128'}, {'screen_name': 'GillesBP', 'name': 'Dutch ambassador to Serbia and to Montenegro', 'id': '587690830'}, {'screen_name': 'IsraelinEU', 'name': 'Israel in the EU', 'id': '181493890'}, {'screen_name': 'ukinisrael', 'name': 'UK in Israel üá¨üáß', 'id': '32052963'}, {'screen_name': 'SwedeninIL', 'name': 'Sweden in Israel', 'id': '1203230227'}]",,,,
1132757796909441024,1132570583470870528,2019-05-26 17:17:59 EDT,2019-05-26,17:17:59,-0500,16799023,aliabunimah,Ali Abunimah,,"@EUinIsrael @ambfranceisrael @ItalyinIsrael @NLinIsrael @TimesofIsrael @BelgiuminIsrael @EmbEspIsrael @GillesBP @IsraelinEU @ukinisrael @SwedeninIL Imagine if this occupation entity spent its money on proper civil defense and fire protection instead of on land theft, demolishing homes, building racial colonies and buying warplanes and sniper rifles to murder indigenous children.",en,[],[],[],3,19,66,[],[],https://twitter.com/AliAbunimah/status/1132757796909441024,False,,0,,,,,,,,"[{'screen_name': 'EUinIsrael', 'name': 'EU in Israel üá™üá∫üáÆüá±', 'id': '2302683607'}, {'screen_name': 'ambfranceisrael', 'name': 'La France en Isra√´l', 'id': '2237308658'}, {'screen_name': 'ItalyinIsrael', 'name': 'Italy in Israel', 'id': '3030052815'}, {'screen_name': 'NLinIsrael', 'name': 'Dutch Embassy Israel', 'id': '2457815906'}, {'screen_name': 'TimesofIsrael', 'name': 'The Times of Israel', 'id': '432557320'}, {'screen_name': 'BelgiuminIsrael', 'name': 'Belgium in Israel üáßüá™', 'id': '784027809756872704'}, {'screen_name': 'EmbEspIsrael', 'name': 'Embajada de Espa√±a en Israel', 'id': '2215248128'}, {'screen_name': 'GillesBP', 'name': 'Dutch ambassador to Serbia and to Montenegro', 'id': '587690830'}, {'screen_name': 'IsraelinEU', 'name': 'Israel in the EU', 'id': '181493890'}, {'screen_name': 'ukinisrael', 'name': 'UK in Israel üá¨üáß', 'id': '32052963'}, {'screen_name': 'SwedeninIL', 'name': 'Sweden in Israel', 'id': '1203230227'}]",,,,
1030092640006664192,1030092640006664192,2018-08-16 10:03:18 EDT,2018-08-16,10:03:18,-0500,16799023,aliabunimah,Ali Abunimah,,"The @TimesofIsrael also in 2014 published a post on the ""shared pathologies"" (lazy, violent, criminal, savage etc.) of Palestinians and Black people. Horrible racist stuff.",en,"[{'screen_name': 'timesofisrael', 'name': 'the times of israel', 'id': '432557320'}]",[],[],4,14,17,[],[],https://twitter.com/AliAbunimah/status/1030092640006664192,False,https://twitter.com/AliAbunimah/status/538773091238031360,0,,,,,,,,[],,,,
1030091827058233344,1030091827058233344,2018-08-16 10:00:04 EDT,2018-08-16,10:00:04,-0500,16799023,aliabunimah,Ali Abunimah,,Was just remembering this morning how @TimesofIsrael published an article in 2014 called ‚ÄúWhen genocide is permissible‚Äù calling for total extermination of Palestinians  https://t.co/cSg0LEa6Uw,en,"[{'screen_name': 'timesofisrael', 'name': 'the times of israel', 'id': '432557320'}]",['https://mondoweiss.net/2014/08/yochanan-genocide-permissible/'],[],4,27,17,[],[],https://twitter.com/AliAbunimah/status/1030091827058233344,False,,0,,,,,,,,[],,,,
1030090735029235713,1030090735029235713,2018-08-16 09:55:44 EDT,2018-08-16,09:55:44,-0500,16799023,aliabunimah,Ali Abunimah,,The Israeli-led campaign to remove @jeremycorbyn as leader of the Labour Party and prevent him becoming UK prime minister continues in full swing. Front page of @timesofIsrael right now:  https://t.co/C9GhLlFkWI,en,"[{'screen_name': 'jeremycorbyn', 'name': 'jeremy corbyn', 'id': '117777690'}, {'screen_name': 'timesofisrael', 'name': 'the times of israel', 'id': '432557320'}]",[],['https://pbs.twimg.com/media/DkueDGvWwAAAbvN.jpg'],10,82,112,[],[],https://twitter.com/AliAbunimah/status/1030090735029235713,False,,1,https://pbs.twimg.com/media/DkueDGvWwAAAbvN.jpg,,,,,,,[],,,,
1020024686745399296,1019986105477881856,2018-07-19 15:16:51 EDT,2018-07-19,15:16:51,-0500,16799023,aliabunimah,Ali Abunimah,,@BoardofDeputies @EUinIsrael @JewishNewsUK @JewishChron @JewishTelegraph @Algemeiner @ReformMovement @LiberalJudaism @UnitedSynagogue @TimesofIsrael Waiting eagerly for @eu_eeas @EUinIsrael‚Äôs bland expression of ‚Äúconcern‚Äù that also grovels to Israel‚Äôs alleged ‚Äúvalues‚Äù of ‚Äúdemocracy.‚Äù What‚Äôs taking so long? Want me to draft it for you? I can cut and paste just as well as you can.,en,"[{'screen_name': 'eu_eeas', 'name': 'european external action service - eeas üá™üá∫', 'id': '80803819'}, {'screen_name': 'euinisrael', 'name': 'eu in israel üá™üá∫üáÆüá±', 'id': '2302683607'}]",[],[],0,2,8,[],[],https://twitter.com/AliAbunimah/status/1020024686745399296,False,,0,,,,,,,,"[{'screen_name': 'BoardofDeputies', 'name': 'Board of Deputies of British Jews', 'id': '191493851'}, {'screen_name': 'EUinIsrael', 'name': 'EU in Israel üá™üá∫üáÆüá±', 'id': '2302683607'}, {'screen_name': 'JewishNewsUK', 'name': 'Jewish News', 'id': '24723039'}, {'screen_name': 'JewishChron', 'name': 'The Jewish Chronicle', 'id': '26799530'}, {'screen_name': 'JewishTelegraph', 'name': 'Jewish Telegraph e-edition.jewishtelegraph.com', 'id': '115145173'}, {'screen_name': 'Algemeiner', 'name': 'Algemeiner', 'id': '102172021'}, {'screen_name': 'ReformMovement', 'name': 'Reform Judaism', 'id': '41782732'}, {'screen_name': 'LiberalJudaism', 'name': 'Liberal Judaism', 'id': '242340300'}, {'screen_name': 'UnitedSynagogue', 'name': 'United Synagogue', 'id': '108253213'}, {'screen_name': 'TimesofIsrael', 'name': 'The Times of Israel', 'id': '432557320'}]",,,,
962737259983360003,962737259983360003,2018-02-11 12:17:04 EST,2018-02-11,12:17:04,-0500,16799023,aliabunimah,Ali Abunimah,,Times of Israel: ‚ÄúFormer Qaeda leader in Syria ‚Äòwelcomes‚Äô Israeli airstrikes‚Äù  https://t.co/B01eoPXbYI,en,[],['https://www.timesofisrael.com/former-qaeda-leader-in-syria-welcomes-israeli-airstrikes/'],[],4,35,17,[],[],https://twitter.com/AliAbunimah/status/962737259983360003,False,,0,,,,,,,,[],,,,
930041892456357890,929757813118783488,2017-11-13 06:57:21 EST,2017-11-13,06:57:21,-0500,16799023,aliabunimah,Ali Abunimah,,@IsraelMFA @EUinIsrael @EmmanuelNahshon @TimesofIsrael @Jerusalem_Post @UN @ynetnews @Channel2News @channel10 Hi can you tell us what the independent UN Human Rights Council inquiry said about your slaughter of 551 kids in Gaza in 2014?,en,[],[],[],0,3,2,[],[],https://twitter.com/AliAbunimah/status/930041892456357890,False,,0,,,,,,,,"[{'screen_name': 'IsraelMFA', 'name': 'Israel Foreign Ministry', 'id': '85796380'}, {'screen_name': 'EUinIsrael', 'name': 'EU in Israel üá™üá∫üáÆüá±', 'id': '2302683607'}, {'screen_name': 'EmmanuelNahshon', 'name': 'Emmanuel Nahshon', 'id': '3292907411'}, {'screen_name': 'TimesofIsrael', 'name': 'The Times of Israel', 'id': '432557320'}, {'screen_name': 'Jerusalem_Post', 'name': 'The Jerusalem Post', 'id': '19489239'}, {'screen_name': 'UN', 'name': 'United Nations', 'id': '14159148'}, {'screen_name': 'ynetnews', 'name': 'Ynetnews', 'id': '367709007'}, {'screen_name': 'Channel2News', 'name': '◊ó◊ì◊©◊ï◊™ 2 (◊ú◊ê ◊§◊¢◊ô◊ú)', 'id': '864158183568420871'}, {'screen_name': 'channel10', 'name': 'ÔΩìÔºéseiya', 'id': '1085197805688254464'}]",,,,
840233529363574784,840233529363574784,2017-03-10 11:10:58 EST,2017-03-10,11:10:58,-0500,16799023,aliabunimah,Ali Abunimah,,Times of Israel: Israel and al-Qaida‚Äôs affiliate in Syria have maintained ‚Äúlive and let live‚Äù relationship for years  https://t.co/yeHhizBbOA,en,[],['http://www.timesofisrael.com/idf-releases-video-of-strike-on-is-affiliated-cell-in-syria/'],[],0,23,10,[],[],https://twitter.com/AliAbunimah/status/840233529363574784,False,,0,,,,,,,,[],,,,
740901055970435074,740900198185066496,2016-06-09 09:39:11 EDT,2016-06-09,09:39:11,-0500,16799023,aliabunimah,Ali Abunimah,,@ggreenwald I thought that the Times of Israel headline captured it best  https://t.co/5W80z5epl6,en,[],['https://twitter.com/aliabunimah/status/740557582746583043'],[],0,5,9,[],[],https://twitter.com/AliAbunimah/status/740901055970435074,False,https://twitter.com/aliabunimah/status/740557582746583043,0,,,,,,,,"[{'screen_name': 'ggreenwald', 'name': 'Glenn Greenwald', 'id': '16076032'}]",,,,
676773876941090816,676773876941090816,2015-12-15 09:40:40 EST,2015-12-15,09:40:40,-0500,16799023,aliabunimah,Ali Abunimah,,"Times of Israel column concludes that yes, there are Good Muslims, but only a tiny number  https://t.co/Od4vxQcLVx",en,[],['http://blogs.timesofisrael.com/the-difference-between-monsters-and-heroes-the-rise-of-reformist-muslims/'],[],1,10,3,[],[],https://twitter.com/AliAbunimah/status/676773876941090816,False,,0,,,,,,,,[],,,,
636523459674112000,636523459674112000,2015-08-26 08:59:53 EDT,2015-08-26,08:59:53,-0500,16799023,aliabunimah,Ali Abunimah,,Most ironic headline ever in @TimesofIsrael. This is the conflation Zionists insist on and we always reject.  http://t.co/RxxMYaBlTH,en,"[{'screen_name': 'timesofisrael', 'name': 'the times of israel', 'id': '432557320'}]",[],['https://pbs.twimg.com/media/CNVitm0UcAApJzJ.jpg'],9,24,17,[],[],https://twitter.com/AliAbunimah/status/636523459674112000,False,,1,https://pbs.twimg.com/media/CNVitm0UcAApJzJ.jpg,,,,,,,[],,,,
626384424242786305,626384424242786305,2015-07-29 09:30:59 EDT,2015-07-29,09:30:59,-0500,16799023,aliabunimah,Ali Abunimah,,Times of Israel: Obama's Pollard release not nearly enough even to begin appeasing Israel over Iran deal  http://t.co/vcXjYmPOp2,en,[],['http://www.timesofisrael.com/pollard-parole-will-do-nothing-to-improve-us-israel-ties-experts-say/'],[],2,3,4,[],[],https://twitter.com/AliAbunimah/status/626384424242786305,False,,0,,,,,,,,[],,,,
622024937587478528,622024937587478528,2015-07-17 08:47:56 EDT,2015-07-17,08:47:56,-0500,16799023,aliabunimah,Ali Abunimah,,"Lol. @TimesOfIsrael publishes disclaimer dissociating itself from any ""facts"" in articles it published  http://t.co/mENyU6heMt",en,"[{'screen_name': 'timesofisrael', 'name': 'the times of israel', 'id': '432557320'}]",['http://blogs.timesofisrael.com/obamas-ugly-march-to-war-rhetoric/'],[],0,4,2,[],[],https://twitter.com/AliAbunimah/status/622024937587478528,False,,0,,,,,,,,[],,,,
609000403787632640,609000403787632640,2015-06-11 10:13:05 EDT,2015-06-11,10:13:05,-0500,16799023,aliabunimah,Ali Abunimah,,"Need to proofread those headlines, @TimesofIsrael  http://t.co/h7HrJNwoJ9",en,"[{'screen_name': 'timesofisrael', 'name': 'the times of israel', 'id': '432557320'}]",[],['https://pbs.twimg.com/media/CHOao5uUkAAistb.jpg'],0,4,9,[],[],https://twitter.com/AliAbunimah/status/609000403787632640,False,,1,https://pbs.twimg.com/media/CHOao5uUkAAistb.jpg,,,,,,,[],,,,
606451572332068864,606451572332068864,2015-06-04 09:24:56 EDT,2015-06-04,09:24:56,-0500,16799023,aliabunimah,Ali Abunimah,,Front page of @TimesofIsrael has turned completely @Orange  http://t.co/K8JBKalTAi,en,"[{'screen_name': 'timesofisrael', 'name': 'the times of israel', 'id': '432557320'}, {'screen_name': 'orange', 'name': 'orange', 'id': '296824934'}]",[],['https://pbs.twimg.com/media/CGqMfcFU8AAJa4-.jpg'],1,14,6,[],[],https://twitter.com/AliAbunimah/status/606451572332068864,False,,1,https://pbs.twimg.com/media/CGqMfcFU8AAJa4-.jpg,,,,,,,[],,,,
603686333169545216,603686333169545216,2015-05-27 18:16:52 EDT,2015-05-27,18:16:52,-0500,16799023,aliabunimah,Ali Abunimah,,"Times of Israel: ""FIFA corruption scandal may prove fortuitous for Israel""  http://t.co/0mWD5wXOlu",en,[],['http://www.timesofisrael.com/fifa-corruption-scandal-may-prove-fortuitous-for-israel/'],[],8,48,26,[],[],https://twitter.com/AliAbunimah/status/603686333169545216,False,,0,,,,,,,,[],,,,
595984947967569920,595984947967569920,2015-05-06 12:14:19 EDT,2015-05-06,12:14:19,-0500,16799023,aliabunimah,Ali Abunimah,,"According to @TimesofIsrael, Saudia plane was in Tel Aviv for ""routine maintenance"" by a company called Bedek  http://t.co/9V4h8JxgEj",en,"[{'screen_name': 'timesofisrael', 'name': 'the times of israel', 'id': '432557320'}]",['http://www.timesofisrael.com/empty-saudi-plane-lands-in-israel/'],[],2,9,2,[],[],https://twitter.com/AliAbunimah/status/595984947967569920,False,,0,,,,,,,,[],,,,
577523444419571712,577491244001038336,2015-03-16 13:34:53 EDT,2015-03-16,13:34:53,-0500,16799023,aliabunimah,Ali Abunimah,,"Neither will ""Zionist Union"" RT @TimesofIsrael: - @Netanyahu: if elected I will not establish a Palestinian state.   http://t.co/Q0cXfjmDAD",en,"[{'screen_name': 'timesofisrael', 'name': 'the times of israel', 'id': '432557320'}, {'screen_name': 'netanyahu', 'name': 'benjamin netanyahu', 'id': '17061263'}]",['http://www.timesofisrael.com/march-16-2015-elections-netanyahu-bennett-zionist-union-herzog-palestinians-putin/'],[],0,4,4,[],[],https://twitter.com/AliAbunimah/status/577523444419571712,False,,0,,,,,,,,[],,,,
565194421411409920,565192246824550400,2015-02-10 12:03:45 EST,2015-02-10,12:03:45,-0500,16799023,aliabunimah,Ali Abunimah,,".@adalahny We should monitor to make sure that other media refer to @TimesofIsrael accurately as an ""pro-Israel activist website.""",en,"[{'screen_name': 'adalahny', 'name': 'adalah-ny', 'id': '75452981'}, {'screen_name': 'timesofisrael', 'name': 'the times of israel', 'id': '432557320'}]",[],[],0,9,1,[],[],https://twitter.com/AliAbunimah/status/565194421411409920,False,,0,,,,,,,,[],,,,
554633411516968962,554424346223988737,2015-01-12 08:38:04 EST,2015-01-12,08:38:04,-0500,16799023,aliabunimah,Ali Abunimah,,HA! RT @TimesofIsrael: - @IsraeliPM's office confirms #France opposed @Netanyahu‚Äôs attendance at #Paris rally  http://t.co/1gumrNNsq1,en,"[{'screen_name': 'timesofisrael', 'name': 'the times of israel', 'id': '432557320'}, {'screen_name': 'israelipm', 'name': 'pm of israel', 'id': '141084952'}, {'screen_name': 'netanyahu', 'name': 'benjamin netanyahu', 'id': '17061263'}]",['http://toi.sr/1ID61WI'],[],0,12,8,"['france', 'paris']",[],https://twitter.com/AliAbunimah/status/554633411516968962,False,,0,,,,,,,,[],,,,
552239779711315969,552239779711315969,2015-01-05 18:06:38 EST,2015-01-05,18:06:38,-0500,16799023,aliabunimah,Ali Abunimah,,"Activist website @TimesofIsrael is giving ""Advocate for Israel Award"" to Dershowitz at its first annual ""gala""  http://t.co/cMPMOPwccD",en,"[{'screen_name': 'timesofisrael', 'name': 'the times of israel', 'id': '432557320'}]",['http://www.toigala.com/?gclid=CJHXv-vR_cICFWFp7Aod0T8AuA'],[],2,11,3,[],[],https://twitter.com/AliAbunimah/status/552239779711315969,False,,0,,,,,,,,[],,,,
549937581157523456,549937581157523456,2014-12-30 09:38:31 EST,2014-12-30,09:38:31,-0500,16799023,aliabunimah,Ali Abunimah,,Does a day pass without @timesofisrael publishing some garbage denying the existence of Palestinians?  http://t.co/6ZOpJOAjTu,en,"[{'screen_name': 'timesofisrael', 'name': 'the times of israel', 'id': '432557320'}]",['http://blogs.timesofisrael.com/lies-and-falestine/'],[],1,13,5,[],[],https://twitter.com/AliAbunimah/status/549937581157523456,False,,0,,,,,,,,[],,,,
549693811489013760,549693811489013760,2014-12-29 17:29:52 EST,2014-12-29,17:29:52,-0500,16799023,aliabunimah,Ali Abunimah,,"This man is ""Arab affairs reporter"" at @TimesofIsrael  https://t.co/xTAt2wX7zP #ForRealz",en,"[{'screen_name': 'timesofisrael', 'name': 'the times of israel', 'id': '432557320'}]",['https://twitter.com/elhananmiller/status/549692873843544064'],[],4,11,11,['forrealz'],[],https://twitter.com/AliAbunimah/status/549693811489013760,False,https://twitter.com/elhananmiller/status/549692873843544064,0,,,,,,,,[],,,,
548642996561145857,548642239719952386,2014-12-26 19:54:18 EST,2014-12-26,19:54:18,-0500,16799023,aliabunimah,Ali Abunimah,,"@ZaidJilani was it the one about how the Gaza war made that Times of Israel blogger fat, or maybe the one excusing genocide?",en,[],[],[],0,0,1,[],[],https://twitter.com/AliAbunimah/status/548642996561145857,False,,0,,,,,,,,[],,,,
547748778758139905,547748778758139905,2014-12-24 08:41:00 EST,2014-12-24,08:41:00,-0500,16799023,aliabunimah,Ali Abunimah,,Hate on the web: Yet another @timesofisrael blog denying the existence of Palestinians  http://t.co/nU6zOnLhs2,en,"[{'screen_name': 'timesofisrael', 'name': 'the times of israel', 'id': '432557320'}]",['http://blogs.timesofisrael.com/palestine-what-is-in-a-name/'],[],6,15,6,[],[],https://twitter.com/AliAbunimah/status/547748778758139905,False,,0,,,,,,,,[],,,,
547421466489548800,547421466489548800,2014-12-23 11:00:22 EST,2014-12-23,11:00:22,-0500,16799023,aliabunimah,Ali Abunimah,,"There they go again: @TimesofIsrael editor says ""peace"" requires ""annihilation of the other side""  http://t.co/Y5YWDT4GKv",en,"[{'screen_name': 'timesofisrael', 'name': 'the times of israel', 'id': '432557320'}]",['http://blogs.timesofisrael.com/him-in-gaza-how-is-the-weather/#ixzz3MjgwoXPo'],[],14,27,7,[],[],https://twitter.com/AliAbunimah/status/547421466489548800,False,,0,,,,,,,,[],,,,
539502214545289218,539502214545289218,2014-12-01 14:32:06 EST,2014-12-01,14:32:06,-0500,16799023,aliabunimah,Ali Abunimah,,.@TimesofIsrael is now premier venue for white supremacist to air their racism about Palestinians and Black people  http://t.co/xDbsYCFuV9,en,"[{'screen_name': 'timesofisrael', 'name': 'the times of israel', 'id': '432557320'}]",['http://blogs.timesofisrael.com/the-three-reasons-why-the-grand-jury-is-right/'],[],1,15,5,[],[],https://twitter.com/AliAbunimah/status/539502214545289218,False,,0,,,,,,,,[],,,,
539501864731938818,539501864731938818,2014-12-01 14:30:42 EST,2014-12-01,14:30:42,-0500,16799023,aliabunimah,Ali Abunimah,,Wow. Yet another @TimesofIsrael post justifying Michael Brown's killing and saying Black people are prone to violence  http://t.co/xDbsYCFuV9,en,"[{'screen_name': 'timesofisrael', 'name': 'the times of israel', 'id': '432557320'}]",['http://blogs.timesofisrael.com/the-three-reasons-why-the-grand-jury-is-right/'],[],6,52,10,[],[],https://twitter.com/AliAbunimah/status/539501864731938818,False,,0,,,,,,,,[],,,,
539187875967823872,539187875967823872,2014-11-30 17:43:01 EST,2014-11-30,17:43:01,-0500,16799023,aliabunimah,Ali Abunimah,,White supremacy and Zionism converge in deleted @TimesofIsrael post on Ferguson  http://t.co/rDQERkjxOC via @intifada  http://t.co/QCdHfVGHCA,en,"[{'screen_name': 'timesofisrael', 'name': 'the times of israel', 'id': '432557320'}, {'screen_name': 'intifada', 'name': 'electronic intifada', 'id': '6721522'}]",['http://electronicintifada.net/blogs/rania-khalek/white-supremacy-and-zionism-converge-deleted-times-israel-post-ferguson'],['https://pbs.twimg.com/media/B3uUhBuCYAAszeq.jpg'],1,47,22,[],[],https://twitter.com/AliAbunimah/status/539187875967823872,False,,1,https://pbs.twimg.com/media/B3uUhBuCYAAszeq.jpg,,,,,,,[],,,,
538832033653719042,538832033653719042,2014-11-29 18:09:02 EST,2014-11-29,18:09:02,-0500,16799023,aliabunimah,Ali Abunimah,,"Rubbish hasbarist @henmazzig called me ""racist pig"" for calling out now-deleted @timesofisrael post he repudiated.  http://t.co/fOWtIYcBAv",en,"[{'screen_name': 'henmazzig', 'name': 'hen mazzig', 'id': '1686270312'}, {'screen_name': 'timesofisrael', 'name': 'the times of israel', 'id': '432557320'}]",[],['https://pbs.twimg.com/media/B3pQ4TJIEAAQr6z.png'],5,11,12,[],[],https://twitter.com/AliAbunimah/status/538832033653719042,False,,1,https://pbs.twimg.com/media/B3pQ4TJIEAAQr6z.png,,,,,,,[],,,,
538827209948282880,538827209948282880,2014-11-29 17:49:52 EST,2014-11-29,17:49:52,-0500,16799023,aliabunimah,Ali Abunimah,,I have a copy of the now deleted @TimesofIsrael racist rant by @StandWithUs advisor. Will do a post on it soon.,en,"[{'screen_name': 'timesofisrael', 'name': 'the times of israel', 'id': '432557320'}, {'screen_name': 'standwithus', 'name': 'standwithus', 'id': '16314859'}]",[],[],2,16,22,[],[],https://twitter.com/AliAbunimah/status/538827209948282880,False,,0,,,,,,,,[],,,,
538773337816965120,538773337816965120,2014-11-29 14:15:48 EST,2014-11-29,14:15:48,-0500,16799023,aliabunimah,Ali Abunimah,,Zionism is White Supremacy. White Supremacy is Zionism. All captured in one rancid @StandWithUs/@TimesofIsrael post  http://t.co/XSrbz7FCaq,en,"[{'screen_name': 'standwithus', 'name': 'standwithus', 'id': '16314859'}, {'screen_name': 'timesofisrael', 'name': 'the times of israel', 'id': '432557320'}]",['http://blogs.timesofisrael.com/nine-parallels-between-palestine-and-ferguson/'],[],14,57,35,[],[],https://twitter.com/AliAbunimah/status/538773337816965120,False,,0,,,,,,,,[],,,,
538773091238031360,538773091238031360,2014-11-29 14:14:49 EST,2014-11-29,14:14:49,-0500,16799023,aliabunimah,Ali Abunimah,,"After ""When is genocide permissible"" blog, @TimesOfIsrael post muses on shared pathologies of Palestinians &amp; Blacks  http://t.co/XSrbz7FCaq",en,"[{'screen_name': 'timesofisrael', 'name': 'the times of israel', 'id': '432557320'}]",['http://blogs.timesofisrael.com/nine-parallels-between-palestine-and-ferguson/'],[],6,15,7,[],[],https://twitter.com/AliAbunimah/status/538773091238031360,False,,0,,,,,,,,[],,,,
538772262535827456,538772262535827456,2014-11-29 14:11:31 EST,2014-11-29,14:11:31,-0500,16799023,aliabunimah,Ali Abunimah,,"""Black problems in America have nothing to do with the conduct of the police,"" says @StandWithUs in @TimesofIsrael  http://t.co/XSrbz7FCaq",en,"[{'screen_name': 'standwithus', 'name': 'standwithus', 'id': '16314859'}, {'screen_name': 'timesofisrael', 'name': 'the times of israel', 'id': '432557320'}]",['http://blogs.timesofisrael.com/nine-parallels-between-palestine-and-ferguson/'],[],5,26,10,[],[],https://twitter.com/AliAbunimah/status/538772262535827456,False,,0,,,,,,,,[],,,,
538772038463553537,538772038463553537,2014-11-29 14:10:38 EST,2014-11-29,14:10:38,-0500,16799023,aliabunimah,Ali Abunimah,,"""Black leaders in America are con artists and a disgrace,"" says @StandWithUs media advisor in @TimesofIsrael  http://t.co/XSrbz7FCaq",en,"[{'screen_name': 'standwithus', 'name': 'standwithus', 'id': '16314859'}, {'screen_name': 'timesofisrael', 'name': 'the times of israel', 'id': '432557320'}]",['http://blogs.timesofisrael.com/nine-parallels-between-palestine-and-ferguson/'],[],3,12,3,[],[],https://twitter.com/AliAbunimah/status/538772038463553537,False,,0,,,,,,,,[],,,,
538771336337047553,538771336337047553,2014-11-29 14:07:51 EST,2014-11-29,14:07:51,-0500,16799023,aliabunimah,Ali Abunimah,,"Zionist @TimesofIsrael blogger from @StandWithUs says Palestinians and Black Americans are ""taught to be angry""  http://t.co/XSrbz7FCaq",en,"[{'screen_name': 'timesofisrael', 'name': 'the times of israel', 'id': '432557320'}, {'screen_name': 'standwithus', 'name': 'standwithus', 'id': '16314859'}]",['http://blogs.timesofisrael.com/nine-parallels-between-palestine-and-ferguson/'],[],2,23,4,[],[],https://twitter.com/AliAbunimah/status/538771336337047553,False,,0,,,,,,,,[],,,,
538771002281705472,538771002281705472,2014-11-29 14:06:31 EST,2014-11-29,14:06:31,-0500,16799023,aliabunimah,Ali Abunimah,,.@TimesofIsrael blogger makes plain hatred of both Palestinians and African Americans. #sharedValues #racism  http://t.co/XSrbz7FCaq,en,"[{'screen_name': 'timesofisrael', 'name': 'the times of israel', 'id': '432557320'}]",['http://blogs.timesofisrael.com/nine-parallels-between-palestine-and-ferguson/'],[],5,20,4,"['sharedvalues', 'racism']",[],https://twitter.com/AliAbunimah/status/538771002281705472,False,,0,,,,,,,,[],,,,
505840312657649665,505840312657649665,2014-08-30 18:11:43 EDT,2014-08-30,18:11:43,-0500,16799023,aliabunimah,Ali Abunimah,,Times of Israel: Owl hurt by Hamas fire recovering  http://t.co/scLuExwQw6,en,[],['http://www.timesofisrael.com/owl-hurt-by-hamas-fire-recovering/'],[],6,16,5,[],[],https://twitter.com/AliAbunimah/status/505840312657649665,False,,0,,,,,,,,[],,,,
499721318854438912,499721318854438912,2014-08-13 20:57:01 EDT,2014-08-13,20:57:01,-0500,16799023,aliabunimah,Ali Abunimah,,Hilarious Times of Israel satirist says @nytimes ‚Äúbias against Israel‚Äù makes her feel ‚Äúunsafe.‚Äù  http://t.co/XBDO3iOy9J,en,"[{'screen_name': 'nytimes', 'name': 'the new york times', 'id': '807095'}]",['http://blogs.timesofisrael.com/filing-for-divorce-from-the-new-york-times/#.U-uLA01l12A.facebook'],[],5,17,11,[],[],https://twitter.com/AliAbunimah/status/499721318854438912,False,,0,,,,,,,,[],,,,
481518458538950656,481518458538950656,2014-06-24 15:25:21 EDT,2014-06-24,15:25:21,-0500,16799023,aliabunimah,Ali Abunimah,,".@TimesofIsrael story tellingly uses the terms ""search"" and ""crackdown"" as if they mean the same thing. They don't!  http://t.co/me41xIkUdJ",en,"[{'screen_name': 'timesofisrael', 'name': 'the times of israel', 'id': '432557320'}]",['http://www.timesofisrael.com/army-chief-on-kidnapped-teens-as-time-passes-the-fear-grows/'],[],0,2,1,[],[],https://twitter.com/AliAbunimah/status/481518458538950656,False,,0,,,,,,,,[],,,,
480533890348896257,480533890348896257,2014-06-21 22:13:02 EDT,2014-06-21,22:13:02,-0500,16799023,aliabunimah,Ali Abunimah,,.@LizH1974 has apologized for and retracted a quote she falsely attributed to me in @TimesofIsrael  http://t.co/hwAALl6wnV,en,"[{'screen_name': 'lizh1974', 'name': 'liz browder', 'id': '18696983'}, {'screen_name': 'timesofisrael', 'name': 'the times of israel', 'id': '432557320'}]",['http://blogs.timesofisrael.com/bds/'],[],1,2,5,[],[],https://twitter.com/AliAbunimah/status/480533890348896257,False,,0,,,,,,,,[],,,,
480487459369656320,480487459369656320,2014-06-21 19:08:32 EDT,2014-06-21,19:08:32,-0500,16799023,aliabunimah,Ali Abunimah,,Fanatical Zionist @LizH1974 manufactures quotes from me in @TimesofIsrael  http://t.co/vBvRzLdef0,en,"[{'screen_name': 'lizh1974', 'name': 'liz browder', 'id': '18696983'}, {'screen_name': 'timesofisrael', 'name': 'the times of israel', 'id': '432557320'}]",['http://blogs.timesofisrael.com/bds/'],[],6,2,1,[],[],https://twitter.com/AliAbunimah/status/480487459369656320,False,,0,,,,,,,,[],,,,
478174159034654720,478174159034654720,2014-06-15 09:56:18 EDT,2014-06-15,09:56:18,-0500,16799023,aliabunimah,Ali Abunimah,,"Times of Israel Blog: Jews should be able to steal as much land from Palestinians as they want and feel safe, period.  http://t.co/Asm5EvVu4E",en,[],['http://blogs.timesofisrael.com/jews-should-be-able-to-live-safely-anywhere-period/'],[],3,19,4,[],[],https://twitter.com/AliAbunimah/status/478174159034654720,False,,0,,,,,,,,[],,,,
424550955187580928,424550176364064769,2014-01-18 09:36:50 EST,2014-01-18,09:36:50,-0500,16799023,aliabunimah,Ali Abunimah,,Israel's Sisi dictatorship. RT @palestine: Egyptian security forces destroy 8 Gaza tunnels - The Times of Israel  http://t.co/5u87HM5LpK,en,"[{'screen_name': 'palestine', 'name': 'palestine news', 'id': '2797701'}]",['http://bit.ly/LksbGD'],[],1,9,1,[],[],https://twitter.com/AliAbunimah/status/424550955187580928,False,,0,,,,,,,,[],,,,
399586640873525248,399586640873525248,2013-11-10 12:17:33 EST,2013-11-10,12:17:33,-0500,16799023,aliabunimah,Ali Abunimah,,"France sabotaged Iran deal in part due to ‚Ç¨1 billion Saudi weapons purchase, says Times of Israel  http://t.co/5smPzCNAwK",en,[],['http://www.timesofisrael.com/why-france-stood-alone-to-scuttle-iran-deal/'],[],3,32,6,[],[],https://twitter.com/AliAbunimah/status/399586640873525248,False,,0,,,,,,,,[],,,,
389288483803889664,389288483803889664,2013-10-13 03:16:21 EDT,2013-10-13,03:16:21,-0500,16799023,aliabunimah,Ali Abunimah,,Times of Israel: Israel used Nazi planning doctrine to settle ethnically-cleansed Palestinian lands  http://t.co/JUmKXwRTzr,en,[],['http://www.timesofisrael.com/how-a-nazi-planner-shaped-early-israel/'],[],1,14,4,[],[],https://twitter.com/AliAbunimah/status/389288483803889664,False,,0,,,,,,,,[],,,,
385148581650243584,385148581650243584,2013-10-01 17:05:52 EDT,2013-10-01,17:05:52,-0500,16799023,aliabunimah,Ali Abunimah,,The Times of Israel is trumpeting a major victory! They claim to have found two Arabs who like Netanyahu!  http://t.co/Zvv35TLYV5,en,[],['http://www.timesofisrael.com/say-hi-to-netanyahu-urges-syrian-family-on-17th-street/'],[],2,4,2,[],[],https://twitter.com/AliAbunimah/status/385148581650243584,False,,0,,,,,,,,[],,,,
304325300332937216,304325300332937216,2013-02-20 15:23:00 EST,2013-02-20,15:23:00,-0500,16799023,aliabunimah,Ali Abunimah,,Times of Israel: IDF reprimands soldier for posting nude photos with gun  http://t.co/OsxPQzzF,en,[],['http://www.timesofisrael.com/idf-reprimands-soldier-for-posting-nude-photos-with-gun/'],[],3,5,1,[],[],https://twitter.com/AliAbunimah/status/304325300332937216,False,,0,,,,,,,,[],,,,
302777361353560064,302777361353560064,2013-02-16 08:52:02 EST,2013-02-16,08:52:02,-0500,16799023,aliabunimah,Ali Abunimah,,Times of Israel picked up on my post: ‚ÄúSoldier‚Äôs Instagram post puts him in the crosshairs‚Äù  http://t.co/9Jllupuu,en,[],['http://www.timesofisrael.com/soldiers-instagram-post-puts-him-in-the-crosshairs/'],[],4,13,3,[],[],https://twitter.com/AliAbunimah/status/302777361353560064,False,,0,,,,,,,,[],,,,
251278105069617152,251278105069617152,2012-09-27 07:12:23 EDT,2012-09-27,07:12:23,-0500,16799023,aliabunimah,Ali Abunimah,,JC ( http://t.co/4LD68QiS) Times of Israel ( http://t.co/qyBDNswP) on @FCBarcelona/Shalit oddly similar to @intifada:  http://t.co/JynmXR7K,en,"[{'screen_name': 'intifada', 'name': 'electronic intifada', 'id': '6721522'}]","['http://www.thejc.com/news/israel-news/83907/anti-israel-activists-condemn-barcelona-invite-gilad-shalit', 'http://www.timesofisrael.com/barcelona-fc-confirms-shalit-invite-despite-protests-by-pro-palestinian-activists/', 'http://electronicintifada.net/blogs/ali-abunimah/protests-expected-fc-barcelona-extends-vip-invite-israeli-soldier-gilad-shalit']",[],0,1,0,[],[],https://twitter.com/AliAbunimah/status/251278105069617152,False,,0,,,,,,,,[],,,,
232258567518945280,232258567518945280,2012-08-05 19:35:32 EDT,2012-08-05,19:35:32,-0500,16799023,aliabunimah,Ali Abunimah,,".@TimesofIsrael story on @lollapalooza Israel acknowledges ""recent successes"" of #BDS movement  http://t.co/ocSPmrRl",en,"[{'screen_name': 'timesofisrael', 'name': 'the times of israel', 'id': '432557320'}, {'screen_name': 'lollapalooza', 'name': 'lollapalooza', 'id': '15429316'}]",['http://www.timesofisrael.com/lollapalooza-festival-to-touch-down-in-israel/'],[],0,4,2,['bds'],[],https://twitter.com/AliAbunimah/status/232258567518945280,False,,0,,,,,,,,[],,,,
228113069648261120,228113069648261120,2012-07-25 09:02:48 EDT,2012-07-25,09:02:48,-0500,16799023,aliabunimah,Ali Abunimah,,"According to @TimesOfIsrael terrorism lover, Zionist bombings of hotels and markets aimed to avoid civilians!  http://t.co/C1HyhKZo",en,"[{'screen_name': 'timesofisrael', 'name': 'the times of israel', 'id': '432557320'}]",['http://blogs.timesofisrael.com/when-jews-were-terrorists/'],[],0,4,1,[],[],https://twitter.com/AliAbunimah/status/228113069648261120,False,,0,,,,,,,,[],,,,
228112751720005633,228112751720005633,2012-07-25 09:01:32 EDT,2012-07-25,09:01:32,-0500,16799023,aliabunimah,Ali Abunimah,,Glorifying Terror: @TimesOfIsrael blogger celebrates King David Hotel bombing &amp; other Zionist atrocities  http://t.co/C1HyhKZo ht @poyannah,en,"[{'screen_name': 'timesofisrael', 'name': 'the times of israel', 'id': '432557320'}]",['http://blogs.timesofisrael.com/when-jews-were-terrorists/'],[],1,9,2,[],[],https://twitter.com/AliAbunimah/status/228112751720005633,False,,0,,,,,,,,[],,,,
227528610821595136,227528610821595136,2012-07-23 18:20:22 EDT,2012-07-23,18:20:22,-0500,16799023,aliabunimah,Ali Abunimah,,"What about ""Arab accent""? In latest sketchy-ass rumors on Bulgaria attack on @TimesOfIsrael, ""bomber spoke Russian""  http://t.co/EK2eTVDj",en,"[{'screen_name': 'timesofisrael', 'name': 'the times of israel', 'id': '432557320'}]",['http://www.timesofisrael.com/police-suspect-women-involved-in-burgas-terror-attack/'],[],2,6,2,[],[],https://twitter.com/AliAbunimah/status/227528610821595136,False,,0,,,,,,,,[],,,,
227129200954466304,227129200954466304,2012-07-22 15:53:16 EDT,2012-07-22,15:53:16,-0500,16799023,aliabunimah,Ali Abunimah,,"This is amusing from the @TimesOfIsrael: ""Some Israelis"" are turning against Gilad Shalit. He's not ""heroic"" enough.  http://t.co/7uNWHhsm",en,"[{'screen_name': 'timesofisrael', 'name': 'the times of israel', 'id': '432557320'}]",['http://www.timesofisrael.com/after-being-freed-from-captivity-gilad-shalit-remains-a-mystery/'],[],3,12,2,[],[],https://twitter.com/AliAbunimah/status/227129200954466304,False,,0,,,,,,,,[],,,,
226786723793862658,226786723793862658,2012-07-21 17:12:23 EDT,2012-07-21,17:12:23,-0500,16799023,aliabunimah,Ali Abunimah,,It seems no anti-Arab/Iranian racist trash or rumor is too sketchy for @TimesOfIsrael to publish on Bulgaria bomb. No standards at all.,en,"[{'screen_name': 'timesofisrael', 'name': 'the times of israel', 'id': '432557320'}]",[],[],0,3,1,[],[],https://twitter.com/AliAbunimah/status/226786723793862658,False,,0,,,,,,,,[],,,,
226783429377789953,226783429377789953,2012-07-21 16:59:17 EDT,2012-07-21,16:59:17,-0500,16799023,aliabunimah,Ali Abunimah,,#IsraelLies @TimesOfIsrael published FALSE translation of Ahmedinejad speech claiming he took credit for #Bulgaria bomb  http://t.co/26T66j0n,en,"[{'screen_name': 'timesofisrael', 'name': 'the times of israel', 'id': '432557320'}]",['http://www.wideasleepinamerica.com/2012/07/the-insanity-of-anti-iran-propaganda.html'],[],3,39,7,"['israellies', 'bulgaria']",[],https://twitter.com/AliAbunimah/status/226783429377789953,False,,0,,,,,,,,[],,,,
226424769296355328,226424769296355328,2012-07-20 17:14:06 EDT,2012-07-20,17:14:06,-0500,16799023,aliabunimah,Ali Abunimah,,"Times of Israel spreading rumors that some guy said a man in Bulgaria had an ""Arab accent""  http://t.co/r3blnXMw",en,[],['http://www.timesofisrael.com/bulgaria-still-struggling-to-confirm-attackers-identity/'],[],3,5,0,[],[],https://twitter.com/AliAbunimah/status/226424769296355328,False,,0,,,,,,,,[],,,,
220832747709669377,220832747709669377,2012-07-05 06:53:24 EDT,2012-07-05,06:53:24,-0500,16799023,aliabunimah,Ali Abunimah,,Depraved Zionism. This is the obscenity that appears on front page of Times of Israel regarding Arafat  http://t.co/daMqydmT,en,[],['http://yfrog.com/h8xc9op'],[],0,6,0,[],[],https://twitter.com/AliAbunimah/status/220832747709669377,False,,0,,,,,,,,[],,,,
